{"cameraMode":{"drawMode":0,"name":"Shaded","section":"Shading Mode"},"sceneLighting":true,"audioPlay":false,"sceneViewState":{"showFog":true,"showMaterialUpdate":false,"showSkybox":true,"showFlares":true,"showImageEffects":true,"showParticleSystems":true},"in2DMode":false,"pivot":{"x":35.9728889465332,"y":-12.846879959106446,"z":9.22756576538086},"rotation":{"x":-0.09575141221284867,"y":-0.654682457447052,"z":0.08413337171077728,"w":-0.7450854182243347},"size":88.56468963623047,"orthographic":false}